Dataset,Packet,Method,EventCount,LineCount,ClusterCount,Coverage,Precision,F1,IoU,Fragmentation,MergeError,ExtraEventRatio,RuntimeSeconds
shapes_6dof_events,1,LLGD,585,25,8,0.237864077669903,0.56,0.333901192504259,0.20040899795501,1,0.0102040816326531,0.44,0.051608
shapes_6dof_events,1,ST,585,25,7,0.269417475728155,0.792857142857143,0.402173913043478,0.251700680272109,1,0.036036036036036,0.207142857142857,0.0090494
shapes_6dof_events,1,ELiSeD,585,25,1,0,0,0,0,NaN,NaN,1,0.0127414
shapes_6dof_events,1,LE-calib,585,25,3,0.274271844660194,0.818840579710145,0.410909090909091,0.258581235697941,1,0.168141592920354,0.181159420289855,0.1850757
shapes_6dof_events,2,LLGD,123,21,0,0,0,0,0,NaN,NaN,0,0.0035827
shapes_6dof_events,2,ST,123,21,0,0,0,0,0,NaN,NaN,0,0.0017499
shapes_6dof_events,2,ELiSeD,123,21,0,0,0,0,0,NaN,NaN,0,0.0020311
shapes_6dof_events,2,LE-calib,123,21,1,0.227272727272727,0.666666666666667,0.338983050847458,0.204081632653061,NaN,0.8,0.333333333333333,0.0498438
shapes_6dof_events,3,LLGD,805,25,10,0.352014010507881,0.654723127035831,0.457858769931663,0.296898079763663,1,0.0348258706467661,0.345276872964169,0.0803366
shapes_6dof_events,3,ST,805,25,8,0.264448336252189,0.920731707317073,0.410884353741497,0.258561643835616,1.4,0.0529801324503312,0.0792682926829268,0.0078818
shapes_6dof_events,3,ELiSeD,805,25,7,0.155866900175131,0.831775700934579,0.262536873156342,0.151103565365025,1.2,0.0224719101123596,0.168224299065421,0.0254415
shapes_6dof_events,3,LE-calib,805,25,6,0.371278458844133,0.861788617886179,0.518971848225214,0.350413223140496,1,0.0330188679245284,0.138211382113821,0.2112553
shapes_6dof_events,4,LLGD,1323,28,16,0.636636636636637,0.829204693611473,0.720271800679502,0.56283185840708,1,0.0550314465408805,0.170795306388527,0.0902804
shapes_6dof_events,4,ST,1323,28,14,0.224224224224224,0.687116564417178,0.33811320754717,0.203451407811081,1.28571428571429,0.0133928571428571,0.312883435582822,0.0107395
shapes_6dof_events,4,ELiSeD,1323,28,22,0.44044044044044,0.846153846153846,0.579328505595787,0.407784986098239,2.25,0.025,0.153846153846154,0.0484225
shapes_6dof_events,4,LE-calib,1323,28,10,0.478478478478478,0.85663082437276,0.614001284521516,0.443002780352178,1,0.0209205020920502,0.14336917562724,0.2465449
shapes_6dof_events,5,LLGD,1368,27,16,0.508073196986007,0.670454545454545,0.578077158603797,0.406546080964686,1,0.0529661016949152,0.329545454545455,0.1116913
shapes_6dof_events,5,ST,1368,27,13,0.270182992465016,0.786833855799373,0.40224358974359,0.251755265797392,1.25,0.0239043824701195,0.213166144200627,0.0136065
shapes_6dof_events,5,ELiSeD,1368,27,16,0.339074273412271,0.775862068965517,0.471910112359551,0.308823529411765,1.85714285714286,0.00634920634920633,0.224137931034483,0.0422683
shapes_6dof_events,5,LE-calib,1368,27,11,0.424111948331539,0.707360861759425,0.53028263795424,0.360805860805861,1,0.0380710659898477,0.292639138240575,0.2547376
shapes_6dof_events,6,LLGD,1639,31,29,0.702242152466368,0.678509532062392,0.690171881886293,0.526917900403769,1,0.0574712643678161,0.321490467937608,0.1344697
shapes_6dof_events,6,ST,1639,31,14,0.235874439461883,0.716621253405995,0.354925775978408,0.215750615258409,1.28571428571429,0.0722433460076045,0.283378746594005,0.0098801
shapes_6dof_events,6,ELiSeD,1639,31,26,0.445739910313901,0.737388724035608,0.555617663499161,0.384674922600619,1.63636363636364,0.0241448692152918,0.262611275964392,0.0368011
shapes_6dof_events,6,LE-calib,1639,31,13,0.471748878923767,0.746099290780142,0.578021978021978,0.406491499227202,1,0.0399239543726235,0.253900709219858,0.2867148
shapes_6dof_events,7,LLGD,1595,25,22,0.611218568665377,0.686210640608035,0.646547314578005,0.477702191987906,1,0.0395569620253164,0.313789359391965,0.1366568
shapes_6dof_events,7,ST,1595,25,15,0.275628626692456,0.762032085561497,0.404829545454545,0.253784505788068,1.8,0.0105263157894737,0.237967914438503,0.0137899
shapes_6dof_events,7,ELiSeD,1595,25,23,0.36073500967118,0.744510978043912,0.48599348534202,0.320998278829604,1.875,0.0241286863270778,0.255489021956088,0.0329481
shapes_6dof_events,7,LE-calib,1595,25,14,0.504835589941973,0.709239130434783,0.589830508474576,0.418269230769231,1,0.0076628352490421,0.290760869565217,0.2600855
shapes_6dof_events,8,LLGD,1557,35,19,0.466725043782837,0.748595505617977,0.574973031283711,0.403482210446631,1,0.0525328330206379,0.251404494382022,0.1185803
shapes_6dof_events,8,ST,1557,35,13,0.257443082311734,0.930379746835443,0.403292181069959,0.252577319587629,1.5,0.0170068027210885,0.069620253164557,0.0099997
shapes_6dof_events,8,ELiSeD,1557,35,18,0.296847635726795,0.832923832923833,0.437701743060039,0.280165289256198,1.625,0.0530973451327433,0.167076167076167,0.0336678
shapes_6dof_events,8,LE-calib,1557,35,11,0.393169877408056,0.763605442176871,0.519075144508671,0.350507416081187,1,0.0311804008908686,0.236394557823129,0.3327947
shapes_6dof_events,9,LLGD,1450,33,24,0.63771186440678,0.695953757225434,0.665561083471531,0.498757249378625,1,0.0631229235880398,0.304046242774566,0.0825189
shapes_6dof_events,9,ST,1450,33,11,0.208686440677966,0.778656126482213,0.329156223893066,0.197,1.14285714285714,0.00507614213197971,0.221343873517787,0.0097924
shapes_6dof_events,9,ELiSeD,1450,33,22,0.384533898305085,0.715976331360947,0.500344589937974,0.333639705882353,1.36363636363636,0.0110192837465565,0.284023668639053,0.0233775
shapes_6dof_events,9,LE-calib,1450,33,13,0.415254237288136,0.771653543307087,0.539944903581267,0.369811320754717,1,0.0739795918367347,0.228346456692913,0.347081
shapes_6dof_events,10,LLGD,1229,31,13,0.521631644004944,0.799242424242424,0.631264023934181,0.46120218579235,1,0.056872037914692,0.200757575757576,0.0793277
shapes_6dof_events,10,ST,1229,31,12,0.30778739184178,0.852739726027397,0.452316076294278,0.292253521126761,1.42857142857143,0.0200803212851406,0.147260273972603,0.006957
shapes_6dof_events,10,ELiSeD,1229,31,17,0.30655129789864,0.835016835016835,0.448462929475588,0.289044289044289,1.75,0.0120967741935484,0.164983164983165,0.0186308
shapes_6dof_events,10,LE-calib,1229,31,8,0.343634116192831,0.774373259052925,0.476027397260274,0.312359550561798,1,0.0143884892086331,0.225626740947075,0.255055
shapes_6dof_events,11,LLGD,1405,34,19,0.517964071856287,0.78517397881997,0.624173180998196,0.453671328671329,1.33333333333333,0.0385356454720617,0.21482602118003,0.1113747
shapes_6dof_events,11,ST,1405,34,19,0.305389221556886,0.757425742574257,0.435277382645804,0.278181818181818,1.16666666666667,0.00653594771241828,0.242574257425743,0.0098023
shapes_6dof_events,11,ELiSeD,1405,34,13,0.24750499001996,0.870175438596491,0.385392385392385,0.238691049085659,1.42857142857143,0.0443548387096774,0.129824561403509,0.0249282
shapes_6dof_events,11,LE-calib,1405,34,8,0.338323353293413,0.820823244552058,0.479151943462897,0.315055762081784,1,0.0294985250737463,0.179176755447942,0.3100831
shapes_6dof_events,12,LLGD,1997,32,23,0.638438880706922,0.774798927613941,0.700040371417037,0.538509316770186,1.07142857142857,0.0599769319492502,0.225201072386059,0.1867563
shapes_6dof_events,12,ST,1997,32,18,0.276141384388807,0.854214123006834,0.417362270450751,0.263713080168776,1.66666666666667,0.0133333333333333,0.145785876993166,0.0118481
shapes_6dof_events,12,ELiSeD,1997,32,34,0.436671575846834,0.718787878787879,0.543289051763628,0.372955974842767,1.91666666666667,0.0185497470489039,0.281212121212121,0.0440971
shapes_6dof_events,12,LE-calib,1997,32,15,0.477908689248895,0.759953161592506,0.586799276672694,0.415227127319258,1,0.0338983050847458,0.240046838407494,0.3621717
shapes_6dof_events,13,LLGD,1338,31,13,0.492914979757085,0.828231292517007,0.618020304568528,0.447199265381084,1,0.053388090349076,0.171768707482993,0.0843024
shapes_6dof_events,13,ST,1338,31,17,0.302631578947368,0.847025495750708,0.445935868754661,0.286948176583493,1.18181818181818,0.0702341137123745,0.152974504249292,0.011976
shapes_6dof_events,13,ELiSeD,1338,31,16,0.245951417004049,0.778846153846154,0.373846153846154,0.229895931882687,1.625,0.0205761316872428,0.221153846153846,0.0202297
shapes_6dof_events,13,LE-calib,1338,31,9,0.369433198380567,0.744897959183674,0.493910690121786,0.327942497753819,1,0.0794520547945206,0.255102040816327,0.2335549
shapes_6dof_events,14,LLGD,1345,31,17,0.533926585094549,0.72289156626506,0.614203454894434,0.443213296398892,1.11111111111111,0.0895833333333333,0.27710843373494,0.1018279
shapes_6dof_events,14,ST,1345,31,14,0.25139043381535,0.655072463768116,0.363344051446945,0.222003929273084,1.125,0.0176991150442478,0.344927536231884,0.0083985
shapes_6dof_events,14,ELiSeD,1345,31,18,0.279199110122358,0.721264367816092,0.402566158781075,0.252008032128514,1.33333333333333,0.0358565737051793,0.278735632183908,0.0206647
shapes_6dof_events,14,LE-calib,1345,31,10,0.422691879866518,0.80168776371308,0.553532410779315,0.382678751258812,1.16666666666667,0.0842105263157895,0.19831223628692,0.2779846
shapes_6dof_events,15,LLGD,1844,30,22,0.52208480565371,0.622760800842993,0.567996155694378,0.396644295302013,1.11111111111111,0.0846023688663282,0.377239199157007,0.1761284
shapes_6dof_events,15,ST,1844,30,19,0.310070671378092,0.696428571428571,0.429095354523227,0.273151750972763,1.55555555555556,0.0769230769230769,0.303571428571429,0.0134741
shapes_6dof_events,15,ELiSeD,1844,30,30,0.402826855123675,0.635983263598326,0.493239588967009,0.32735104091888,1.63636363636364,0.0263157894736842,0.364016736401674,0.0352886
shapes_6dof_events,15,LE-calib,1844,30,18,0.557420494699647,0.724454649827784,0.630054917623565,0.459912536443149,1,0.0332805071315373,0.275545350172216,0.3153136
shapes_6dof_events,16,LLGD,1970,29,20,0.673897830650805,0.801164725457571,0.732041049030787,0.577338129496403,1,0.0924195223260644,0.198835274542429,0.127874
shapes_6dof_events,16,ST,1970,29,16,0.206438068579426,0.741206030150754,0.322933771209633,0.192558746736292,1.09090909090909,0.0169491525423728,0.258793969849246,0.018661
shapes_6dof_events,16,ELiSeD,1970,29,36,0.521343596920924,0.845629965947787,0.645021645021645,0.476038338658147,2.41666666666667,0.0375838926174497,0.154370034052213,0.0448996
shapes_6dof_events,16,LE-calib,1970,29,13,0.458362491252624,0.795868772782503,0.581705150976909,0.41014402003757,1,0.018320610687023,0.204131227217497,0.3862579
shapes_6dof_events,17,LLGD,1792,28,19,0.598883572567783,0.74800796812749,0.6651904340124,0.498341074983411,1.08333333333333,0.0705725699067909,0.25199203187251,0.157364
shapes_6dof_events,17,ST,1792,28,16,0.295055821371611,0.872641509433962,0.441001191895113,0.282874617737003,1.3,0.0216216216216216,0.127358490566038,0.0107678
shapes_6dof_events,17,ELiSeD,1792,28,30,0.345295055821372,0.680817610062893,0.458201058201058,0.297185998627316,1.58333333333333,0.0577367205542725,0.319182389937107,0.0359448
shapes_6dof_events,17,LE-calib,1792,28,16,0.484051036682616,0.745700245700246,0.587040618955513,0.415468856947296,1,0.0444810543657331,0.254299754299754,0.3056369
shapes_6dof_events,18,LLGD,453,21,4,0.201342281879195,0.674157303370786,0.310077519379845,0.18348623853211,1,0.05,0.325842696629214,0.0254481
shapes_6dof_events,18,ST,453,21,4,0.13758389261745,0.577464788732394,0.222222222222222,0.125,1,0.146341463414634,0.422535211267606,0.0055354
shapes_6dof_events,18,ELiSeD,453,21,0,0,0,0,0,NaN,NaN,0,0.007468
shapes_6dof_events,18,LE-calib,453,21,1,0.104026845637584,1,0.188449848024316,0.104026845637584,1,0.161290322580645,0,0.1434895
shapes_6dof_events,19,LLGD,717,27,4,0.310077519379845,0.780487804878049,0.443828016643551,0.285204991087344,1,0.0125,0.219512195121951,0.0390256
shapes_6dof_events,19,ST,717,27,11,0.36046511627907,0.815789473684211,0.5,0.333333333333333,1.8,0.021505376344086,0.184210526315789,0.0049051
shapes_6dof_events,19,ELiSeD,717,27,4,0.118217054263566,1,0.211438474870017,0.118217054263566,2,0,0,0.0069201
shapes_6dof_events,19,LE-calib,717,27,3,0.337209302325581,0.925531914893617,0.494318181818182,0.328301886792453,1,0.0287356321839081,0.074468085106383,0.1814893
shapes_6dof_events,20,LLGD,1419,31,17,0.569767441860465,0.790322580645161,0.662162162162162,0.494949494949495,1.22222222222222,0.0255102040816326,0.209677419354839,0.0969431
shapes_6dof_events,20,ST,1419,31,18,0.375968992248062,0.811715481171548,0.513907284768212,0.345811051693405,1.77777777777778,0.00515463917525771,0.188284518828452,0.0125827
shapes_6dof_events,20,ELiSeD,1419,31,15,0.25484496124031,0.900684931506849,0.397280966767372,0.247879359095193,1.75,0.0228136882129277,0.0993150684931507,0.0212283
shapes_6dof_events,20,LE-calib,1419,31,10,0.385658914728682,0.794411177644711,0.519243313763862,0.350660792951542,1,0.0376884422110553,0.205588822355289,0.2607348
shapes_6dof_events,21,LLGD,1948,30,27,0.714896650035638,0.756981132075472,0.73533724340176,0.581449275362319,1,0.0508474576271186,0.243018867924528,0.1240411
shapes_6dof_events,21,ST,1948,30,21,0.310762651461155,0.775800711743772,0.443765903307888,0.285153695225638,1.8,0.0137614678899083,0.224199288256228,0.0117014
shapes_6dof_events,21,ELiSeD,1948,30,39,0.440484675694939,0.734839476813318,0.550802139037433,0.380073800738007,2,0.0598705501618123,0.265160523186683,0.0492717
shapes_6dof_events,21,LE-calib,1948,30,14,0.453314326443336,0.774665042630938,0.571942446043165,0.400503778337531,1,0.00943396226415094,0.225334957369062,0.3466617
shapes_6dof_events,22,LLGD,2818,31,33,0.715691351631279,0.723939235201676,0.719791666666667,0.562245728234337,1.26666666666667,0.0926193921852387,0.276060764798324,0.204519
shapes_6dof_events,22,ST,2818,31,22,0.227861211807354,0.615384615384615,0.332577475434618,0.199456029011786,1.3,0.00227272727272732,0.384615384615385,0.0165804
shapes_6dof_events,22,ELiSeD,2818,31,57,0.648886587260487,0.737058823529412,0.69016799779675,0.526913372582002,2.21052631578947,0.0415003990422985,0.262941176470588,0.083861
shapes_6dof_events,22,LE-calib,2818,31,25,0.558777835318488,0.738535249828884,0.636202830188679,0.466493731085171,1,0.0250231696014829,0.261464750171116,0.4719459
shapes_6dof_events,23,LLGD,3469,38,34,0.795434969853575,0.710657945363601,0.750660434870961,0.600845803513338,1.05882352941176,0.0693015701136979,0.289342054636399,0.2270135
shapes_6dof_events,23,ST,3469,38,27,0.300172265288544,0.691468253968254,0.418618618618619,0.264717052791493,1.7,0.0344332855093257,0.308531746031746,0.0187913
shapes_6dof_events,23,ELiSeD,3469,38,80,0.780361757105943,0.715357283853139,0.746446961894954,0.595465001643115,2.71428571428571,0.0380794701986755,0.284642716146861,0.1069084
shapes_6dof_events,23,LE-calib,3469,38,30,0.602067183462532,0.723228142783238,0.65710928319624,0.489324466223311,1.05555555555556,0.0107296137339056,0.276771857216762,0.5722218
shapes_6dof_events,24,LLGD,3234,37,40,0.750342935528121,0.674198849630238,0.710235879679723,0.550671140939597,1.2,0.106032906764168,0.325801150369762,0.2340914
shapes_6dof_events,24,ST,3234,37,23,0.267489711934156,0.690672963400236,0.385629531970995,0.238873009391588,1.66666666666667,0.0444444444444444,0.309327036599764,0.0183672
shapes_6dof_events,24,ELiSeD,3234,37,70,0.726566072245085,0.738039944263818,0.732258064516129,0.577608142493639,2.52631578947368,0.0623033354310887,0.261960055736182,0.0926741
shapes_6dof_events,24,LE-calib,3234,37,23,0.509830818472794,0.722150259067358,0.59769498793889,0.426223241590214,1,0.02152466367713,0.277849740932642,0.5927308
shapes_6dof_events,25,LLGD,3051,36,37,0.813865147198481,0.722901729228174,0.765691311145857,0.620340209916757,1.13333333333333,0.0898483080513419,0.277098270771826,0.2167512
shapes_6dof_events,25,ST,3051,36,30,0.304843304843305,0.728717366628831,0.429862738533646,0.273773987206823,1.72727272727273,0.0451713395638629,0.271282633371169,0.0200678
shapes_6dof_events,25,ELiSeD,3051,36,58,0.752611585944919,0.780403741999015,0.76625574087503,0.621081504702194,2.10526315789474,0.0662460567823344,0.219596258000985,0.0893884
shapes_6dof_events,25,LE-calib,3051,36,25,0.597340930674264,0.771305947271613,0.673267326732673,0.507462686567164,1,0.0302066772655007,0.228694052728387,0.4961182
shapes_6dof_events,26,LLGD,1921,34,25,0.764021887824897,0.855938697318008,0.807372605710155,0.676969696969697,1.17647058823529,0.0599820948970456,0.144061302681992,0.1187027
shapes_6dof_events,26,ST,1921,34,19,0.229822161422709,0.735229759299781,0.350182386659719,0.2122552116235,1.5,0.0625,0.264770240700219,0.0125782
shapes_6dof_events,26,ELiSeD,1921,34,29,0.439808481532148,0.846052631578947,0.578757875787579,0.407219759341355,2.16666666666667,0.0404354587869362,0.153947368421053,0.0373179
shapes_6dof_events,26,LE-calib,1921,34,13,0.387824897400821,0.827737226277372,0.528178854215184,0.358860759493671,1,0.0211640211640212,0.172262773722628,0.4035719
shapes_6dof_events,27,LLGD,2053,29,28,0.800141242937853,0.72674791533034,0.761680672268908,0.615092290988057,1.07142857142857,0.0406001765225066,0.27325208466966,0.1337114
shapes_6dof_events,27,ST,2053,29,18,0.233050847457627,0.787589498806683,0.359673024523161,0.219269102990033,1.625,0.00303030303030305,0.212410501193317,0.0148295
shapes_6dof_events,27,ELiSeD,2053,29,47,0.657485875706215,0.81882145998241,0.72933803368586,0.573982737361282,2.53333333333333,0.0354457572502686,0.18117854001759,0.0545975
shapes_6dof_events,27,LE-calib,2053,29,15,0.47316384180791,0.793838862559242,0.592920353982301,0.421383647798742,1.1,0.00597014925373129,0.206161137440758,0.4956661
shapes_6dof_events,28,LLGD,1832,30,21,0.625275532696547,0.74780316344464,0.681072428971589,0.516383495145631,1.08333333333333,0.0423031727379554,0.25219683655536,0.1448185
shapes_6dof_events,28,ST,1832,30,19,0.309331373989713,0.827111984282908,0.450267379679144,0.290545203588682,1.875,0.0237529691211401,0.172888015717092,0.0114969
shapes_6dof_events,28,ELiSeD,1832,30,35,0.426891991182954,0.844476744186046,0.567105905319668,0.395776566757493,2.30769230769231,0.0240963855421686,0.155523255813953,0.0411451
shapes_6dof_events,28,LE-calib,1832,30,12,0.37252020573108,0.823051948051948,0.512898330804249,0.344897959183673,1,0.0453648915187377,0.176948051948052,0.429729
shapes_6dof_events,29,LLGD,3438,33,36,0.88314332247557,0.7645400070497,0.819573020971094,0.694302176696543,1.2,0.123098201936376,0.2354599929503,0.1750373
shapes_6dof_events,29,ST,3438,33,17,0.254885993485342,0.851700680272109,0.392353494202444,0.244054580896686,1.5,0.0303514376996805,0.148299319727891,0.0182483
shapes_6dof_events,29,ELiSeD,3438,33,71,0.773615635179153,0.735863671572424,0.754267566494641,0.605481198215424,2.68421052631579,0.0394736842105263,0.264136328427576,0.1083123
shapes_6dof_events,29,LE-calib,3438,33,24,0.670602605863192,0.792207792207792,0.726350606394708,0.570290858725762,1.13333333333333,0.0449301760777171,0.207792207792208,0.475128
shapes_6dof_events,30,LLGD,2979,33,37,0.861751152073733,0.789695945945946,0.824151608638167,0.700899550224888,1.25,0.133155080213904,0.210304054054054,0.1830492
shapes_6dof_events,30,ST,2979,33,23,0.317511520737327,0.828125,0.459027315123251,0.297881539126675,1.63636363636364,0.0391872278664731,0.171875,0.0173864
shapes_6dof_events,30,ELiSeD,2979,33,66,0.770506912442396,0.765918460833715,0.768205835056283,0.623647892577397,2.27777777777778,0.0340909090909091,0.234081539166285,0.0983374
shapes_6dof_events,30,LE-calib,2979,33,18,0.597695852534562,0.78749241044323,0.679591302069688,0.51468253968254,1.08333333333333,0.0454895913646878,0.21250758955677,0.4196188
urban_events,1,LLGD,2256,77,26,0.408805031446541,0.632295719844358,0.496562261268144,0.330284552845528,1,0.184615384615385,0.367704280155642,0.1188317
urban_events,1,ST,2256,77,1,0.308176100628931,1,0.471153846153846,0.308176100628931,1,0,0,0.0092729
urban_events,1,ELiSeD,2256,77,0,0,0,0,0,NaN,NaN,0,0.013626
urban_events,1,LE-calib,2256,77,9,0.379874213836478,0.543165467625899,0.447076239822354,0.28789323164919,2,0.490066225165563,0.456834532374101,0.4720587
urban_events,2,LLGD,5626,88,32,0.0564476885644769,0.215613382899628,0.0894716544543,0.0468308437626161,NaN,0.344827586206897,0.784386617100372,0.276329
urban_events,2,ST,5626,88,6,0.148418491484185,0.815508021390374,0.251132153149444,0.143596986817326,1,0.0655737704918032,0.184491978609626,0.0382931
urban_events,2,ELiSeD,5626,88,11,0.0408759124087591,0.567567567567568,0.0762596459373582,0.0396413402548372,2,0.0476190476190477,0.432432432432432,0.0530419
urban_events,2,LE-calib,5626,88,29,0.336739659367397,0.453473132372215,0.386484222284278,0.239529248875043,2,0.385838150289017,0.546526867627785,1.0553565
urban_events,3,LLGD,4574,85,25,0.000692520775623269,0.00253807106598985,0.00108813928182807,0.000544365813826892,NaN,0,0.99746192893401,0.2282207
urban_events,3,ST,4574,85,4,0.00277008310249307,0.0144927536231884,0.00465116279069767,0.00233100233100233,NaN,0,0.985507246376812,0.0263465
urban_events,3,ELiSeD,4574,85,4,0.0117728531855956,0.346938775510204,0.0227729403884796,0.0115176151761518,2,0.117647058823529,0.653061224489796,0.0324145
urban_events,3,LE-calib,4574,85,19,0.243767313019391,0.322935779816514,0.277821625887924,0.161319890009166,NaN,0.480113636363636,0.677064220183486,0.813892
urban_events,4,LLGD,21068,123,89,0.663486416558862,0.308774834437086,0.421425636811832,0.266965970460017,1,0.56129661223495,0.691225165562914,1.8274516
urban_events,4,ST,21068,123,39,0.0572445019404916,0.32387923147301,0.097292840456232,0.0511339014877943,1.42857142857143,0.141242937853107,0.67612076852699,0.1827675
urban_events,4,ELiSeD,21068,123,44,0.0899094437257439,0.343421865348981,0.142509291298219,0.0767214019594315,1.57142857142857,0.0503597122302158,0.656578134651019,0.3856063
urban_events,4,LE-calib,21068,123,93,0.411707632600259,0.345876918896889,0.37593207825766,0.231475588689881,1,0.366064414768264,0.654123081103111,3.5662438
urban_events,5,LLGD,9792,105,67,0.413533834586466,0.398773006134969,0.406019307211811,0.254720342002138,1.33333333333333,0.407692307692308,0.601226993865031,0.6831917
urban_events,5,ST,9792,105,26,0.123770965876229,0.511961722488038,0.199347927340475,0.110708742886705,1.41666666666667,0.014018691588785,0.488038277511962,0.0829543
urban_events,5,ELiSeD,9792,105,22,0.0607287449392713,0.475113122171946,0.107692307692308,0.0569105691056911,1.11111111111111,0.0666666666666667,0.524886877828054,0.1269764
urban_events,5,LE-calib,9792,105,40,0.259398496240602,0.358656537385046,0.301057224366504,0.177202686685105,1,0.463768115942029,0.641343462614954,1.89046
urban_events,6,LLGD,18143,107,44,0.954312114989733,0.327769615045548,0.487947854236843,0.322705705358176,1,0.899228976152053,0.672230384954452,3.282948
urban_events,6,ST,18143,107,34,0.0634839151266256,0.357762777242044,0.107833163784334,0.056989247311828,1.15384615384615,0.0485175202156334,0.642237222757956,0.1705153
urban_events,6,ELiSeD,18143,107,10,0.0208761122518823,0.37888198757764,0.0395718456049303,0.0201853077432164,1.5,0.122950819672131,0.62111801242236,0.2448536
urban_events,6,LE-calib,18143,107,83,0.377138945927447,0.371920350995613,0.374511469838573,0.23039933096383,1.25,0.382032667876588,0.628079649004387,3.3553388
urban_events,7,LLGD,4494,93,27,0.0546184738955823,0.103186646433991,0.0714285714285714,0.037037037037037,NaN,0,0.896813353566009,0.241842
urban_events,7,ST,4494,93,9,0.0698795180722892,0.200923787528868,0.103694874851013,0.0546825895663105,1.5,0,0.799076212471132,0.026436
urban_events,7,ELiSeD,4494,93,1,0.0112449799196787,1,0.0222398729150119,0.0112449799196787,1,0,0,0.0346274
urban_events,7,LE-calib,4494,93,22,0.281124497991968,0.315884476534296,0.297492562685933,0.17473789316026,1,0.451428571428571,0.684115523465704,0.9291841
urban_events,8,LLGD,6674,94,50,0.172243554580362,0.295668549905838,0.217677642980936,0.122131466355504,1,0.375796178343949,0.704331450094162,0.3724091
urban_events,8,ST,6674,94,11,0.0970927043335162,0.351888667992048,0.15219260533104,0.0823638901814798,2,0.129943502824859,0.648111332007952,0.0487186
urban_events,8,ELiSeD,6674,94,11,0.0460778935820077,0.43979057591623,0.083416087388282,0.0435233160621762,1,0.0952380952380952,0.56020942408377,0.070037
urban_events,8,LE-calib,6674,94,32,0.419089413055403,0.35969868173258,0.387129465416772,0.240025133521835,1,0.535340314136126,0.64030131826742,1.1447124
urban_events,9,LLGD,26871,102,97,0.782886723507917,0.24476389946687,0.372932985204526,0.229205669965231,1,0.598405289770517,0.75523610053313,3.112424
urban_events,9,ST,26871,102,74,0.14190012180268,0.332145402708482,0.198847877106891,0.110400379057095,2,0.0236051502145923,0.667854597291518,0.2184352
urban_events,9,ELiSeD,26871,102,56,0.0246650426309379,0.0769596199524941,0.037357315807679,0.0190341910468805,1,0.0246913580246914,0.923040380047506,0.5807547
urban_events,9,LE-calib,26871,102,126,0.37911084043849,0.247859844714314,0.299747201155652,0.176295666949873,1.42857142857143,0.259036144578313,0.752140155285686,4.4281386
urban_events,10,LLGD,8008,86,81,0.414507772020725,0.293577981651376,0.343716433941998,0.207522697795071,1,0.509375,0.706422018348624,0.5029635
urban_events,10,ST,8008,86,13,0.0552677029360967,0.259634888438134,0.0911356354574582,0.0477433793360686,2.5,0.0234375,0.740365111561866,0.0594789
urban_events,10,ELiSeD,8008,86,52,0.238773747841105,0.424079754601227,0.305524861878453,0.180306488425171,2,0.139240506329114,0.575920245398773,0.136147
urban_events,10,LE-calib,8008,86,40,0.430483592400691,0.337280108254398,0.378224582701062,0.233216374269006,2,0.468405215646941,0.662719891745602,1.2712644
urban_events,11,LLGD,19623,102,53,0.970098410295231,0.27688651218063,0.430810606378955,0.274543409565637,1,0.896215372610222,0.72311348781937,4.632455
urban_events,11,ST,19623,102,37,0.0872445117335352,0.346356123215627,0.139380196523054,0.0749106272343191,1.5,0.0650759219088937,0.653643876784373,0.1633624
urban_events,11,ELiSeD,19623,102,43,0.0323618470855413,0.109615384615385,0.0499707773232028,0.0256256556271542,1.5,0.0526315789473685,0.890384615384615,0.3507127
urban_events,11,LE-calib,19623,102,91,0.336109008327025,0.269540142662012,0.299166175355849,0.175893829850451,1,0.429617117117117,0.730459857337988,3.4685964
urban_events,12,LLGD,13136,100,82,0.467089611419508,0.278355387523629,0.348830322771691,0.211262553802009,1.33333333333333,0.54442558007923,0.72164461247637,0.9713608
urban_events,12,ST,13136,100,23,0.0594766058683584,0.26071842410197,0.0968575118381403,0.0508934630174169,1.25,0.0577777777777778,0.73928157589803,0.1113614
urban_events,12,ELiSeD,13136,100,14,0.013745704467354,0.155223880597015,0.0252549781447305,0.0127889818002951,1,0,0.844776119402985,0.1571164
urban_events,12,LE-calib,13136,100,60,0.324610097805974,0.316250321916044,0.32037568484216,0.190742466604536,1,0.371335504885994,0.683749678083956,2.3117811
urban_events,13,LLGD,7950,95,86,0.262101534828808,0.266293482606957,0.264180880602935,0.152193784277879,1,0.301801801801802,0.733706517393043,0.505454
urban_events,13,ST,7950,95,16,0.0731995277449823,0.345724907063197,0.120818447547905,0.0642931213273419,1.42857142857143,0,0.654275092936803,0.0609364
urban_events,13,ELiSeD,7950,95,24,0.0381739472648564,0.186180422264875,0.0633572828216852,0.0327150084317032,1,0,0.813819577735125,0.0986214
urban_events,13,LE-calib,7950,95,35,0.264069264069264,0.319371727748691,0.289099526066351,0.168975069252078,1,0.464977645305514,0.680628272251309,1.5235488
urban_events,14,LLGD,3360,96,80,0.00350467289719626,0.00462962962962963,0.00398936170212766,0.00199866755496336,NaN,0,0.99537037037037,0.1704612
urban_events,14,ST,3360,96,4,0,0,0,0,NaN,NaN,1,0.0161581
urban_events,14,ELiSeD,3360,96,0,0,0,0,0,NaN,NaN,0,0.0186523
urban_events,14,LE-calib,3360,96,13,0.188084112149533,0.176341730558598,0.182023742227247,0.100124378109453,NaN,0.813664596273292,0.823658269441402,0.604344
urban_events,15,LLGD,15178,123,118,0.48321780372127,0.359820700896496,0.412488321395204,0.259833251593919,1.33333333333333,0.520951302378256,0.640179299103504,1.0561727
urban_events,15,ST,15178,123,30,0.067493615468807,0.339138405132906,0.112581773923627,0.0596485571497662,1.33333333333333,0.0405405405405406,0.660861594867094,0.1386058
urban_events,15,ELiSeD,15178,123,9,0.0229843122947829,0.415841584158416,0.0435609334485739,0.0222654179183601,1,0.0873015873015873,0.584158415841584,0.1678617
urban_events,15,LE-calib,15178,123,78,0.346953666545057,0.407891915076131,0.374963035978314,0.230741234987262,1.25,0.351735015772871,0.592108084923869,2.620153
urban_events,16,LLGD,8279,97,67,0.310587262200165,0.262312259867272,0.284415830335164,0.165783664459161,1.33333333333333,0.390146471371505,0.737687740132728,0.4622691
urban_events,16,ST,8279,97,14,0.0533498759305211,0.273885350318471,0.0893042575285566,0.0467391304347826,1.2,0.0232558139534884,0.726114649681529,0.0621378
urban_events,16,ELiSeD,8279,97,33,0.128205128205128,0.330843116328709,0.184798807749627,0.101806239737274,1.75,0.219354838709677,0.669156883671291,0.1184375
urban_events,16,LE-calib,8279,97,36,0.339950372208437,0.372451291345718,0.355459459459459,0.216145148566921,1,0.389294403892944,0.627548708654282,1.5129612
urban_events,17,LLGD,18762,104,51,0.93869526362824,0.298969659019753,0.453501424747431,0.293243997766611,1,0.802551408987053,0.701030340980247,2.8993458
urban_events,17,ST,18762,104,34,0.0437890974084004,0.238791423001949,0.0740069475909983,0.0384253450439147,1.11111111111111,0.110204081632653,0.761208576998051,0.1435778
urban_events,17,ELiSeD,18762,104,39,0.07828418230563,0.216939078751857,0.1150512214342,0.0610367892976589,2.33333333333333,0,0.783060921248143,0.3290106
urban_events,17,LE-calib,18762,104,74,0.334941912421805,0.337840274021994,0.336384850116676,0.202201122140699,1.375,0.192102454642476,0.662159725978006,3.492751
urban_events,18,LLGD,10931,87,102,0.335453100158982,0.264212371650388,0.295601008685906,0.173434160775933,1,0.518483412322275,0.735787628349612,0.7077336
urban_events,18,ST,10931,87,17,0.0451510333863275,0.255395683453237,0.0767360172926236,0.0398988479910087,1,0.0985915492957746,0.744604316546763,0.083735
urban_events,18,ELiSeD,10931,87,36,0.164387917329094,0.459147424511545,0.24209786935144,0.137719765583378,1.625,0.181818181818182,0.540852575488455,0.1669416
urban_events,18,LE-calib,10931,87,50,0.322734499205087,0.317882868775446,0.320290312401388,0.1906819462709,1,0.522167487684729,0.682117131224554,1.9700421
urban_events,19,LLGD,11455,102,84,0.396952380952381,0.191896869244936,0.258721291123526,0.148581206331099,1.5,0.40595009596929,0.808103130755064,0.7488744
urban_events,19,ST,11455,102,11,0.0392380952380952,0.208080808080808,0.066025641025641,0.0341398740470666,1.33333333333333,0.00970873786407767,0.791919191919192,0.1099198
urban_events,19,ELiSeD,11455,102,26,0.0849523809523809,0.293035479632063,0.13171884229179,0.0705026873221625,1.4,0.0986547085201793,0.706964520367937,0.1596552
urban_events,19,LE-calib,11455,102,57,0.313142857142857,0.235058621675722,0.268539692910813,0.155094339622642,1,0.271289537712895,0.764941378324278,1.9928361
urban_events,20,LLGD,9308,109,51,0.173792557403009,0.232644409114997,0.198957625198278,0.110468042274786,1.5,0.12756264236902,0.767355590885003,0.534625
urban_events,20,ST,9308,109,7,0.0277117973079968,0.202898550724638,0.0487634970393591,0.0249910746162085,1,0.0857142857142857,0.797101449275362,0.0851165
urban_events,20,ELiSeD,9308,109,11,0.0684877276326207,0.527439024390244,0.121233356692362,0.0645281611339053,2,0,0.472560975609756,0.1205908
urban_events,20,LE-calib,9308,109,39,0.264845605700713,0.271951219512195,0.26835138387485,0.15496872828353,1,0.337817638266069,0.728048780487805,1.6834052
urban_events,21,LLGD,12013,103,74,0.297542914843487,0.18941504178273,0.231474207907829,0.130885401243707,1,0.127828054298643,0.81058495821727,0.8176446
urban_events,21,ST,12013,103,20,0.0955907101985863,0.394444444444444,0.153887835274993,0.0833577927795715,1.66666666666667,0.00704225352112675,0.605555555555556,0.0955175
urban_events,21,ELiSeD,12013,103,31,0.0821272298889263,0.207130730050934,0.117618703302,0.0624839948783611,1.33333333333333,0.0491803278688525,0.792869269949066,0.184001
urban_events,21,LE-calib,12013,103,53,0.266240323123527,0.207013870714473,0.232921083627797,0.131811364772538,1,0.22629582806574,0.792986129285527,2.0985585
urban_events,22,LLGD,11856,106,38,0.283546499024496,0.374356038923869,0.322684100160355,0.192381232534196,1,0.370795107033639,0.625643961076131,0.7423995
urban_events,22,ST,11856,106,23,0.0500758725341426,0.327659574468085,0.086874764949229,0.045409868291724,1.14285714285714,0,0.672340425531915,0.1018441
urban_events,22,ELiSeD,11856,106,13,0.00953826143507479,0.105769230769231,0.017498508649831,0.00882647943831495,1,0,0.894230769230769,0.1432129
urban_events,22,LE-calib,11856,106,39,0.212226316930414,0.311089926914522,0.252319587628866,0.144373986137738,1,0.247191011235955,0.688910073085478,2.1371435
urban_events,23,LLGD,6191,90,30,0.089622641509434,0.171945701357466,0.117829457364341,0.0626029654036244,1,0.184210526315789,0.828054298642534,0.3460116
urban_events,23,ST,6191,90,20,0.102987421383648,0.441077441077441,0.166985340981517,0.0910987482614743,1.4,0,0.558922558922559,0.0450367
urban_events,23,ELiSeD,6191,90,28,0.035377358490566,0.174757281553398,0.058842759071592,0.0303132367800606,1,0.177777777777778,0.825242718446602,0.077906
urban_events,23,LE-calib,6191,90,30,0.308962264150943,0.42258064516129,0.356948228882834,0.217247097844113,1,0.461832061068702,0.57741935483871,1.1406719
urban_events,24,LLGD,19204,92,34,0.780952380952381,0.320270091354429,0.45425097413267,0.293871104901901,1,0.801570897064903,0.679729908645571,2.7987622
urban_events,24,ST,19204,92,24,0.0519774011299435,0.380165289256198,0.0914512922465209,0.0479166666666667,1.2,0.031055900621118,0.619834710743802,0.181483
urban_events,24,ELiSeD,19204,92,18,0.01727199354318,0.115177610333692,0.0300393037619315,0.0152486817728374,2,0,0.884822389666308,0.2828176
urban_events,24,LE-calib,19204,92,78,0.29410815173527,0.330911732655285,0.311426373814204,0.18443162263387,1.15384615384615,0.21569703622393,0.669088267344715,3.4083336
urban_events,25,LLGD,8820,101,38,0.63643331630046,0.482939123691353,0.549162257495591,0.378513903662057,1,0.625050180650341,0.517060876308647,0.7263129
urban_events,25,ST,8820,101,29,0.136944302503832,0.552008238928939,0.219447287615148,0.123246723384686,2.5,0,0.447991761071061,0.0751122
urban_events,25,ELiSeD,8820,101,35,0.0891670924885028,0.449163449163449,0.148795565977404,0.0803777061262091,2.75,0.0859598853868195,0.550836550836551,0.132281
urban_events,25,LE-calib,8820,101,32,0.298160449667859,0.532633500684619,0.382309582309582,0.2363304981774,1,0.443016281062554,0.467366499315381,1.8145773
urban_events,26,LLGD,6624,86,19,0.0957642725598527,0.164556962025316,0.121071012805588,0.0644361833952912,1,0.0336538461538461,0.835443037974684,0.5315294
urban_events,26,ST,6624,86,4,0.0340699815837937,0.229813664596273,0.0593424218123496,0.0305785123966942,1.5,0,0.770186335403727,0.054163
urban_events,26,ELiSeD,6624,86,23,0.0446593001841621,0.229857819905213,0.0747879722436392,0.038846615939127,2,0,0.770142180094787,0.0937081
urban_events,26,LE-calib,6624,86,32,0.298802946593002,0.350053937432578,0.322404371584699,0.192182410423453,1,0.234206471494607,0.649946062567422,1.2550847
urban_events,27,LLGD,2723,66,15,0.191330343796712,0.274089935760171,0.225352112676056,0.126984126984127,1,0.0546875,0.725910064239829,0.1628867
urban_events,27,ST,2723,66,5,0.0328849028400598,0.0674846625766871,0.0442211055276382,0.0226104830421377,1,0,0.932515337423313,0.027004
urban_events,27,ELiSeD,2723,66,10,0.0971599402092676,0.343915343915344,0.151515151515152,0.0819672131147541,3,0,0.656084656084656,0.0271819
urban_events,27,LE-calib,2723,66,14,0.225710014947683,0.178698224852071,0.199471598414795,0.110785033015407,1,0.443708609271523,0.821301775147929,0.4689552
urban_events,28,LLGD,10986,88,44,0.238493723849372,0.402751952398661,0.299585062240664,0.176183504148365,1,0.116343490304709,0.597248047601339,0.6597573
urban_events,28,ST,10986,88,12,0.0449240255450341,0.434968017057569,0.081437125748503,0.0424469413233458,1.33333333333333,0.053921568627451,0.565031982942431,0.0946222
urban_events,28,ELiSeD,10986,88,16,0.0607795639726932,0.63302752293578,0.110910186859554,0.0587109125717932,3.66666666666667,0,0.36697247706422,0.1412987
urban_events,28,LE-calib,10986,88,42,0.310063862585334,0.503937007874016,0.383912747102931,0.237556942804117,1,0.251420454545455,0.496062992125984,2.056787
urban_events,29,LLGD,17020,97,19,0.978679786797868,0.448178745775441,0.61481004507405,0.44384529564894,1,0.850160592096076,0.551821254224559,3.471408
urban_events,29,ST,17020,97,19,0.0597239305726391,0.600274725274725,0.10863890615289,0.0574395373291272,1.5,0.0183066361556065,0.399725274725275,0.1479297
urban_events,29,ELiSeD,17020,97,17,0.043050430504305,0.637651821862348,0.0806554858532838,0.0420224119530416,3.33333333333333,0.0158730158730159,0.362348178137652,0.2123609
urban_events,29,LE-calib,17020,97,76,0.368320349870165,0.559128630705394,0.444096564225097,0.285426816352468,1.2,0.274582560296846,0.440871369294606,3.0490235
urban_events,30,LLGD,7480,84,18,0.168877833056938,0.375076734192756,0.232894987611969,0.131794650560828,1,0.453355155482815,0.624923265807244,0.410392
urban_events,30,ST,7480,84,22,0.131564400221117,0.661111111111111,0.219455970493315,0.12325220093216,2.33333333333333,0.00630252100840334,0.338888888888889,0.0650429
urban_events,30,ELiSeD,7480,84,39,0.12824765063571,0.592592592592593,0.210861167916383,0.117856235712471,1.61538461538462,0.0193965517241379,0.407407407407407,0.1156351
urban_events,30,LE-calib,7480,84,33,0.30873410724157,0.51784886416319,0.386839826839827,0.239802490339201,1,0.443151298119964,0.48215113583681,1.3379678
office_spiral_events,1,LLGD,18073,81,118,0.674351585014409,0.332229058211074,0.445149017121116,0.286296900489396,1.09090909090909,0.223646723646724,0.667770941788926,1.4309093
office_spiral_events,1,ST,18073,81,22,0.0493756003842459,0.314180929095354,0.0853395317947866,0.0445716267776622,1,0.0155642023346303,0.685819070904645,0.1441213
office_spiral_events,1,ELiSeD,18073,81,21,0.0401536983669549,0.26556543837357,0.0697596795727637,0.036140411551098,1,0.0143540669856459,0.73443456162643,0.2586257
office_spiral_events,1,LE-calib,18073,81,86,0.388856868395773,0.395081007222331,0.391944229279628,0.24373795761079,1.21428571428571,0.119071146245059,0.604918992777669,3.2497734
office_spiral_events,2,LLGD,9715,77,46,0.527327327327327,0.432618871643262,0.475301123291379,0.311734422155157,1.1,0.281321184510251,0.567381128356738,0.776863
office_spiral_events,2,ST,9715,77,10,0.021021021021021,0.167865707434053,0.0373632239124633,0.0190372586347566,1,0.1,0.832134292565947,0.0805103
office_spiral_events,2,ELiSeD,9715,77,26,0.112912912912913,0.582945736434109,0.189182389937107,0.104473464851348,1.4,0.0585106382978723,0.417054263565891,0.1362579
office_spiral_events,2,LE-calib,9715,77,42,0.318618618618619,0.5,0.389214966984593,0.241630608061945,1,0.189443920829406,0.5,2.1398721
office_spiral_events,3,LLGD,6444,77,20,0.262538699690402,0.295059151009047,0.277850589777195,0.161339421613394,1,0.193396226415094,0.704940848990953,0.4641284
office_spiral_events,3,ST,6444,77,3,0.0160990712074303,0.0875420875420875,0.0271966527196653,0.0137857900318134,1,0.230769230769231,0.912457912457912,0.0533909
office_spiral_events,3,ELiSeD,6444,77,13,0.18390092879257,0.735148514851485,0.294205052005944,0.172473867595819,2.33333333333333,0.104377104377104,0.264851485148515,0.0687144
office_spiral_events,3,LE-calib,6444,77,22,0.339938080495356,0.410007468259895,0.371699390656737,0.228274428274428,1,0.204007285974499,0.589992531740105,1.3223081
office_spiral_events,4,LLGD,5552,68,26,0.238041002277904,0.348914858096828,0.283006093432634,0.164826498422713,1,0.102870813397129,0.651085141903172,0.4318848
office_spiral_events,4,ST,5552,68,7,0.0318906605922551,0.157303370786517,0.053030303030303,0.0272373540856031,1,0.0892857142857143,0.842696629213483,0.0361322
office_spiral_events,4,ELiSeD,5552,68,33,0.164578587699317,0.565557729941292,0.254962505513895,0.146107178968655,1.55555555555556,0.0415224913494809,0.434442270058708,0.0751685
office_spiral_events,4,LE-calib,5552,68,29,0.382118451025057,0.428206764518188,0.403851941017153,0.253016591251885,1,0.178837555886736,0.571793235481812,1.0880625
office_spiral_events,5,LLGD,10549,79,34,0.557334326135517,0.252957080094627,0.347977684797769,0.210637399746729,1,0.633266533066132,0.747042919905373,0.8671983
office_spiral_events,5,ST,10549,79,11,0.0264333581533879,0.149159663865546,0.0449082858950032,0.022969912649628,1,0.0140845070422535,0.850840336134454,0.0875955
office_spiral_events,5,ELiSeD,10549,79,12,0.035740878629933,0.419213973799127,0.0658662092624357,0.0340546293011706,1.66666666666667,0.0104166666666666,0.580786026200873,0.1184871
office_spiral_events,5,LE-calib,10549,79,50,0.28927773641102,0.333476394849785,0.309808612440191,0.183297947629158,1,0.132561132561133,0.666523605150215,2.1535287
office_spiral_events,6,LLGD,6879,86,28,0.414831460674157,0.44439094848339,0.429102742910274,0.273157738976028,1.28571428571429,0.159263271939328,0.55560905151661,0.4361911
office_spiral_events,6,ST,6879,86,11,0.0404494382022472,0.211267605633803,0.0678989060731799,0.0351425224521671,1,0,0.788732394366197,0.0537057
office_spiral_events,6,ELiSeD,6879,86,46,0.259325842696629,0.664746543778802,0.373100549628193,0.229332273449921,3.22222222222222,0.0121317157712305,0.335253456221198,0.1111405
office_spiral_events,6,LE-calib,6879,86,33,0.353707865168539,0.429585152838428,0.387971407443924,0.240672782874618,1.28571428571429,0.111817026683609,0.570414847161572,1.3740867
office_spiral_events,7,LLGD,12386,87,65,0.477266684392449,0.36226034308779,0.411886186324002,0.259355584453114,1.11111111111111,0.304735376044568,0.63773965691221,0.9906164
office_spiral_events,7,ST,12386,87,19,0.0265886732252061,0.170357751277683,0.0459981600735971,0.0235404896421846,1,0,0.829642248722317,0.1018143
office_spiral_events,7,ELiSeD,12386,87,33,0.115394841797394,0.577127659574468,0.192333259472635,0.106398627114489,4,0.00691244239631339,0.422872340425532,0.1991501
office_spiral_events,7,LE-calib,12386,87,62,0.395639457591066,0.433945756780402,0.413908205841446,0.260961066292529,1.28571428571429,0.139112903225806,0.566054243219598,2.4718985
office_spiral_events,8,LLGD,22777,80,70,0.891312523505077,0.251538951390363,0.392351626520983,0.244053135619401,1,0.521518987341772,0.748461048609637,2.2406828
office_spiral_events,8,ST,22777,80,23,0.0221887927792403,0.250530785562633,0.0407669718431508,0.0208076177041086,1,0.0677966101694916,0.749469214437367,0.1878331
office_spiral_events,8,ELiSeD,22777,80,27,0.0588567130500188,0.406493506493507,0.102825229960578,0.0541991341991342,2,0.00319488817891378,0.593506493506494,0.3544146
office_spiral_events,8,LE-calib,22777,80,109,0.419518616021061,0.37909940526763,0.398286173346425,0.248662505572893,1.45,0.0699238009861048,0.62090059473237,4.5075197
office_spiral_events,9,LLGD,10884,92,52,0.42791519434629,0.253931641853638,0.318726148177392,0.189574201628053,1.2,0.403798513625103,0.746068358146362,1.0107169
office_spiral_events,9,ST,10884,92,6,0.0247349823321555,0.197183098591549,0.043956043956044,0.0224719101123595,1,0,0.802816901408451,0.1087728
office_spiral_events,9,ELiSeD,10884,92,21,0.0498233215547703,0.315436241610738,0.0860543179737565,0.0449617346938775,1,0,0.684563758389262,0.1477251
office_spiral_events,9,LE-calib,10884,92,53,0.276325088339223,0.309213127718466,0.291845493562232,0.170854271356784,1.14285714285714,0.166240409207161,0.690786872281534,2.1538817
office_spiral_events,10,LLGD,2616,66,5,0.259259259259259,0.898648648648649,0.402420574886536,0.251893939393939,1,0.00375939849624063,0.101351351351351,0.1595634
office_spiral_events,10,ST,2616,66,3,0.260233918128655,0.996268656716418,0.412673879443586,0.259980525803311,1,0,0.00373134328358209,0.0157262
office_spiral_events,10,ELiSeD,2616,66,3,0.00194931773879142,0.0540540540540541,0.00376293508936971,0.00188501413760603,NaN,0,0.945945945945946,0.0198769
office_spiral_events,10,LE-calib,2616,66,14,0.359649122807018,0.574766355140187,0.442446043165468,0.284064665127021,1.66666666666667,0.18970189701897,0.425233644859813,0.5471477
office_spiral_events,11,LLGD,18374,80,45,0.680152914941064,0.362540329427747,0.472972972972973,0.309734513274336,1.25,0.607728337236534,0.637459670572253,1.8296162
office_spiral_events,11,ST,18374,80,21,0.0420516087926091,0.403669724770642,0.0761684939411425,0.0395920815836833,1.4,0.0492424242424242,0.596330275229358,0.1421607
office_spiral_events,11,ELiSeD,18374,80,18,0.0409366040140172,0.51503006012024,0.0758447690718607,0.0394171779141104,1.14285714285714,0.0116731517509727,0.48496993987976,0.2664012
office_spiral_events,11,LE-calib,18374,80,93,0.421153233513858,0.459187217783953,0.439348620804254,0.281516183986371,1.58823529411765,0.133509833585477,0.540812782216047,3.2786683
office_spiral_events,12,LLGD,16424,61,12,0.954809930178433,0.33542277032091,0.496445318408713,0.330181086519115,1,0.732886451350802,0.66457722967909,3.0434783
office_spiral_events,12,ST,16424,61,24,0.0572148952676493,0.531531531531532,0.103309402906671,0.0544682422451994,1.44444444444444,0,0.468468468468468,0.1325273
office_spiral_events,12,ELiSeD,16424,61,38,0.177463149728472,0.573667711598746,0.271070952451489,0.156785469499657,4.6,0.0262295081967213,0.426332288401254,0.3045541
office_spiral_events,12,LE-calib,16424,61,79,0.472459270752521,0.48622754491018,0.479244540625615,0.315135834411384,1.4375,0.0582922824302134,0.51377245508982,2.9073647
office_spiral_events,13,LLGD,13788,54,26,0.934221964647928,0.272734963201083,0.42221058145626,0.267596281540505,1,0.714019851116625,0.727265036798917,1.7010522
office_spiral_events,13,ST,13788,54,25,0.0878006374963779,0.326157158234661,0.138356164383562,0.0743193524650478,1,0.0528052805280528,0.673842841765339,0.1114448
office_spiral_events,13,ELiSeD,13788,54,26,0.16632860040568,0.630769230769231,0.263242375601926,0.151571164510166,1.44444444444444,0.0418118466898955,0.369230769230769,0.2285491
office_spiral_events,13,LE-calib,13788,54,70,0.488843813387424,0.403975095785441,0.44237577028976,0.284006734006734,1.45454545454545,0.160640189685833,0.596024904214559,2.3530911
office_spiral_events,14,LLGD,3977,66,13,0.3776559287183,0.568041237113402,0.453684643886373,0.293397231096912,1,0.2994555353902,0.431958762886598,0.2412045
office_spiral_events,14,ST,3977,66,6,0.0603152844413982,0.239782016348774,0.0963855421686747,0.0506329113924051,1.5,0,0.760217983651226,0.0274369
office_spiral_events,14,ELiSeD,3977,66,15,0.305003427004798,0.872549019607843,0.452006094464195,0.291994750656168,1.66666666666667,0.119101123595506,0.127450980392157,0.0450964
office_spiral_events,14,LE-calib,3977,66,17,0.416723783413297,0.529155787641427,0.466257668711657,0.304,1.33333333333333,0.351973684210526,0.470844212358573,0.6596312
office_spiral_events,15,LLGD,10960,75,82,0.590152320226709,0.333066773290684,0.425814696485623,0.270498457541809,1,0.141056422569028,0.666933226709316,0.7748194
office_spiral_events,15,ST,10960,75,12,0.0453418349273822,0.457142857142857,0.0825008056719304,0.0430252100840336,1,0.2109375,0.542857142857143,0.0879509
office_spiral_events,15,ELiSeD,10960,75,30,0.196599362380446,0.562880324543611,0.291415069572066,0.170559311616472,1.85714285714286,0.0342342342342342,0.437119675456389,0.1664764
office_spiral_events,15,LE-calib,10960,75,44,0.403825717321998,0.402684563758389,0.403254333215423,0.25254762959681,1.25,0.156140350877193,0.597315436241611,2.1016147
office_spiral_events,16,LLGD,8880,72,55,0.412357581069238,0.314505347593583,0.356844899507016,0.217170551580891,1,0.12327311370882,0.685494652406417,0.7104211
office_spiral_events,16,ST,8880,72,17,0.0806310254163015,0.51830985915493,0.139552521805082,0.0750101916021199,1.2,0.108695652173913,0.48169014084507,0.0654182
office_spiral_events,16,ELiSeD,8880,72,19,0.120070113935145,0.599562363238512,0.200073019350128,0.111156186612576,1.28571428571429,0,0.400437636761488,0.1122394
office_spiral_events,16,LE-calib,8880,72,34,0.265118317265557,0.341229554427524,0.298397040690506,0.17536231884058,1,0.147107438016529,0.658770445572476,1.8188383
office_spiral_events,17,LLGD,12396,68,30,0.724330357142857,0.202791375898344,0.316868744405566,0.188261458131889,1,0.768361581920904,0.797208624101656,1.561484
office_spiral_events,17,ST,12396,68,16,0.0595238095238095,0.27681660899654,0.0979791794243723,0.051513200257566,1.5,0.05625,0.72318339100346,0.1061882
office_spiral_events,17,ELiSeD,12396,68,29,0.0985863095238095,0.432300163132137,0.16055740684641,0.0872859025032938,2.75,0.0339622641509434,0.567699836867863,0.1874627
office_spiral_events,17,LE-calib,12396,68,63,0.303199404761905,0.27094414893617,0.286165730337079,0.166973980741651,1,0.158282208588957,0.72905585106383,2.4363
office_spiral_events,18,LLGD,4873,71,21,0.21122599704579,0.276061776061776,0.239330543933054,0.135931558935361,1,0.146853146853147,0.723938223938224,0.3283448
office_spiral_events,18,ST,4873,71,4,0.034711964549483,0.155629139072848,0.0567632850241546,0.0292106898694842,1,0.234042553191489,0.844370860927152,0.0292302
office_spiral_events,18,ELiSeD,4873,71,14,0.0428360413589365,0.288557213930348,0.0745980707395498,0.0387441549766199,1,0.103448275862069,0.711442786069652,0.0433427
office_spiral_events,18,LE-calib,4873,71,18,0.197193500738552,0.280167890870934,0.23146944083225,0.130882352941176,1,0.217228464419476,0.719832109129066,1.0465134
office_spiral_events,19,LLGD,4574,71,18,0.335570469798658,0.31201248049922,0.323362974939369,0.192864030858245,1,0.5975,0.68798751950078,0.3052082
office_spiral_events,19,ST,4574,71,4,0.0453020134228188,0.188811188811189,0.0730717185385656,0.0379213483146067,1,0.0185185185185185,0.811188811188811,0.0289048
office_spiral_events,19,ELiSeD,4574,71,9,0.0394295302013423,0.356060606060606,0.0709969788519638,0.0368050117462803,1,0,0.643939393939394,0.0398862
office_spiral_events,19,LE-calib,4574,71,23,0.269295302013423,0.298882681564246,0.283318623124448,0.165038560411311,1,0.264797507788162,0.701117318435754,0.9387498
office_spiral_events,20,LLGD,4535,68,14,0.214622641509434,0.538461538461538,0.306913996627319,0.181274900398406,1,0.113553113553114,0.461538461538462,0.3148959
office_spiral_events,20,ST,4535,68,8,0.0864779874213836,0.309859154929577,0.135218192993239,0.0725115359261701,1.2,0,0.690140845070423,0.0309543
office_spiral_events,20,ELiSeD,4535,68,23,0.165880503144654,0.584487534626039,0.258420085731782,0.148382559774965,1.33333333333333,0.033175355450237,0.415512465373961,0.059019
office_spiral_events,20,LE-calib,4535,68,24,0.316823899371069,0.345626072041166,0.330598851517637,0.198034398034398,1,0.119106699751861,0.654373927958834,0.9422683
office_spiral_events,21,LLGD,7717,79,42,0.470293209876543,0.455020530048526,0.462530829064694,0.300839091806515,1.38461538461538,0.164068908941756,0.544979469951474,0.580252
office_spiral_events,21,ST,7717,79,20,0.0933641975308642,0.392220421393841,0.150825802430664,0.0815638692281766,1.25,0.0702479338842975,0.607779578606159,0.0576474
office_spiral_events,21,ELiSeD,7717,79,32,0.204475308641975,0.736111111111111,0.320048309178744,0.190510424155284,2.44444444444444,0.00566037735849056,0.263888888888889,0.1137212
office_spiral_events,21,LE-calib,7717,79,40,0.447916666666667,0.475819672131148,0.461446740858506,0.299922500645828,1.1,0.109388458225668,0.524180327868852,1.3461862
office_spiral_events,22,LLGD,9180,81,53,0.531399192067573,0.376724811247071,0.440889701401584,0.282782880594098,1.25,0.205252246026261,0.623275188752929,0.6601896
office_spiral_events,22,ST,9180,81,11,0.0323172970987881,0.188034188034188,0.0551551237856471,0.0283596519497261,1,0,0.811965811965812,0.075086
office_spiral_events,22,ELiSeD,9180,81,47,0.281307381564451,0.748778103616813,0.408969567538708,0.257046979865772,3.1,0.00522193211488253,0.251221896383187,0.1635271
office_spiral_events,22,LE-calib,9180,81,47,0.457583547557841,0.472865275142315,0.465098917506532,0.303015564202335,1.44444444444444,0.135634028892456,0.527134724857685,1.7590084
office_spiral_events,23,LLGD,11261,98,20,0.51516070345664,0.339054081021752,0.408954146106631,0.257034795763994,1.33333333333333,0.597410241318423,0.660945918978248,1.1622154
office_spiral_events,23,ST,11261,98,17,0.0560946027895694,0.287267080745342,0.0938609842719432,0.0492414160234229,1,0.0432432432432432,0.712732919254658,0.090708
office_spiral_events,23,ELiSeD,11261,98,20,0.100363856882959,0.649019607843137,0.173844537815126,0.0951970089157319,1.71428571428571,0.0120845921450151,0.350980392156863,0.1530902
office_spiral_events,23,LE-calib,11261,98,47,0.306852637962401,0.37874251497006,0.339028475711893,0.204114562323518,1.14285714285714,0.186758893280632,0.62125748502994,2.2359433
office_spiral_events,24,LLGD,16030,93,37,0.769326943113149,0.307743602567308,0.439628482972136,0.281746031746032,1.5,0.565005417118093,0.692256397432692,1.6525942
office_spiral_events,24,ST,16030,93,28,0.105438633048552,0.553610503282276,0.177139856467705,0.0971768772805838,1.25,0.0197628458498024,0.446389496717724,0.1255452
office_spiral_events,24,ELiSeD,16030,93,18,0.0448010002083767,0.450733752620545,0.0815011372251706,0.0424817229796483,1.4,0.013953488372093,0.549266247379455,0.2204113
office_spiral_events,24,LE-calib,16030,93,78,0.378620545947072,0.427027027027027,0.401369560415286,0.25107088572613,1.38461538461538,0.111722619702807,0.572972972972973,3.172116
office_spiral_events,25,LLGD,18388,81,17,0.938061177902907,0.365122615803815,0.525647038758368,0.356527271675632,1.25,0.829656067488644,0.634877384196185,3.6690294
office_spiral_events,25,ST,18388,81,27,0.0569167554405722,0.466916354556804,0.101465002712968,0.0534438410974564,1.6,0.0213903743315508,0.533083645443196,0.1557201
office_spiral_events,25,ELiSeD,18388,81,33,0.120377415918429,0.732407407407407,0.206770356816102,0.11530612244898,2.1,0.0429835651074589,0.267592592592593,0.297874
office_spiral_events,25,LE-calib,18388,81,89,0.440724395069244,0.549108835798256,0.48898269311946,0.323611576712482,1.72727272727273,0.155041436464088,0.450891164201744,3.1368842
office_spiral_events,26,LLGD,7048,70,25,0.43166860240031,0.655496766607878,0.520541549953315,0.351846008204481,1,0.130044843049327,0.344503233392122,0.4753241
office_spiral_events,26,ST,7048,70,4,0.0147115756871854,0.13013698630137,0.0264347826086956,0.0133944307366937,1,0,0.86986301369863,0.0567874
office_spiral_events,26,ELiSeD,7048,70,26,0.147890050329075,0.744639376218324,0.246770025839793,0.14075165806927,2.33333333333333,0,0.255360623781676,0.0939521
office_spiral_events,26,LE-calib,7048,70,34,0.381726674409601,0.515960230245945,0.438807298620383,0.281071835803877,1.3,0.150101419878296,0.484039769754055,1.3118288
office_spiral_events,27,LLGD,8990,68,29,0.3992506244796,0.300250469630557,0.342744817726948,0.206814750916541,1.33333333333333,0.537017726798749,0.699749530369443,0.7431891
office_spiral_events,27,ST,8990,68,9,0.0478767693588676,0.286783042394015,0.0820549411344988,0.0427827380952381,1.25,0.00869565217391299,0.713216957605985,0.0722232
office_spiral_events,27,ELiSeD,8990,68,4,0.0149875104079933,0.537313432835821,0.0291616038882139,0.0147965474722565,1,0.0555555555555556,0.462686567164179,0.0866226
office_spiral_events,27,LE-calib,8990,68,37,0.275603663613655,0.353255069370331,0.309635173058934,0.183176535694521,1,0.220543806646526,0.646744930629669,1.7312054
office_spiral_events,28,LLGD,19458,74,15,0.967342516638291,0.338203463203463,0.501182791387675,0.334385533144294,1.33333333333333,0.88384,0.661796536796537,5.2952574
office_spiral_events,28,ST,19458,74,29,0.057421451787649,0.563829787234043,0.104228121927237,0.0549792531120332,1.55555555555556,0.0161725067385444,0.436170212765957,0.1688244
office_spiral_events,28,ELiSeD,19458,74,15,0.0428726203374091,0.742627345844504,0.0810652619256658,0.0422449290834223,2,0.0144404332129964,0.257372654155496,0.2609844
office_spiral_events,28,LE-calib,19458,74,76,0.357220244544188,0.520523229589535,0.423680587425425,0.268778385932223,1.20833333333333,0.117417677642981,0.479476770410465,3.9390207
office_spiral_events,29,LLGD,8332,67,32,0.404885863035643,0.477337110481586,0.438136511375948,0.280521642619312,1.08333333333333,0.0405539070227497,0.522662889518414,0.7017893
office_spiral_events,29,ST,8332,67,9,0.0432519022827393,0.250580046403712,0.0737704918032787,0.0382978723404255,1.33333333333333,0.101851851851852,0.749419953596288,0.0675063
office_spiral_events,29,ELiSeD,8332,67,20,0.15778934721666,0.805725971370143,0.263898191560616,0.152006172839506,1.875,0.00761421319796951,0.194274028629857,0.1138576
office_spiral_events,29,LE-calib,8332,67,37,0.348818582298759,0.429487179487179,0.384972375690608,0.238368910782704,1,0.157290470723307,0.57051282051282,1.6915329
office_spiral_events,30,LLGD,5649,60,24,0.301406926406926,0.502707581227437,0.376860622462788,0.232180075031263,1.11111111111111,0.0664272890484739,0.497292418772563,0.3174002
office_spiral_events,30,ST,5649,60,13,0.0898268398268398,0.349473684210526,0.142918639690056,0.076958738989337,1.33333333333333,0.0240963855421686,0.650526315789474,0.0455442
office_spiral_events,30,ELiSeD,5649,60,14,0.08495670995671,0.682608695652174,0.151106833493744,0.0817282665278501,1.8,0,0.317391304347826,0.0509972
office_spiral_events,30,LE-calib,5649,60,20,0.272727272727273,0.400954653937947,0.32463768115942,0.193771626297578,1,0.158730158730159,0.599045346062053,1.1508508
hqf_boxes_events,1,LLGD,3706,44,9,0.264680105170903,0.46676970633694,0.337807606263982,0.203230148048452,1,0.0993377483443708,0.53323029366306,0.1975058
hqf_boxes_events,1,ST,3706,44,11,0.0964066608238387,0.53921568627451,0.163568773234201,0.0890688259109312,2,0.0909090909090909,0.46078431372549,0.0262751
hqf_boxes_events,1,ELiSeD,3706,44,32,0.179666958808063,0.357142857142857,0.239067055393586,0.135761589403974,2.25,0.024390243902439,0.642857142857143,0.0554466
hqf_boxes_events,1,LE-calib,3706,44,26,0.517966695880806,0.412709497206704,0.459385930820054,0.298183652875883,1,0.155668358714044,0.587290502793296,0.6695871
hqf_boxes_events,2,LLGD,6296,44,19,0.630837912087912,0.801833260584897,0.706131078224102,0.545751633986928,1.33333333333333,0.0772999455634186,0.198166739415103,0.4287785
hqf_boxes_events,2,ST,6296,44,26,0.198832417582418,0.846491228070175,0.32202447163515,0.191912495856811,3.5,0.00345423143350609,0.153508771929825,0.0439291
hqf_boxes_events,2,ELiSeD,6296,44,78,0.551854395604396,0.764509990485252,0.641005185480654,0.471675961256237,3.57142857142857,0.00248911014312381,0.235490009514748,0.1553761
hqf_boxes_events,2,LE-calib,6296,44,19,0.548076923076923,0.735145094426532,0.627975604957702,0.457700028677947,1.22222222222222,0.0601503759398496,0.264854905573468,1.1771193
hqf_boxes_events,3,LLGD,7076,48,24,0.661551823972206,0.635605006954103,0.648318910483757,0.479638958858102,1.28571428571429,0.210065645514223,0.364394993045897,0.5926036
hqf_boxes_events,3,ST,7076,48,16,0.0330052113491604,0.337278106508876,0.060126582278481,0.0309951060358891,1.5,0.0701754385964912,0.662721893491124,0.0580781
hqf_boxes_events,3,ELiSeD,7076,48,83,0.59988419224088,0.670550161812298,0.633251833740831,0.463327370304114,2.76470588235294,0.0173745173745173,0.329449838187702,0.1908492
hqf_boxes_events,3,LE-calib,7076,48,37,0.618123914302258,0.592561754093811,0.605072977185773,0.433766761479074,2.16666666666667,0.0707259953161592,0.407438245906189,1.0818903
hqf_boxes_events,4,LLGD,4673,47,20,0.521046643913538,0.526436781609195,0.523727844482561,0.354763749031758,1.25,0.229257641921397,0.473563218390805,0.2477829
hqf_boxes_events,4,ST,4673,47,21,0.156427758816837,0.475778546712803,0.235445205479452,0.133430373605046,1.28571428571429,0.00363636363636366,0.524221453287197,0.0322379
hqf_boxes_events,4,ELiSeD,4673,47,54,0.411262798634812,0.547727272727273,0.469785575048733,0.307006369426752,2.3,0.016597510373444,0.452272727272727,0.1036532
hqf_boxes_events,4,LE-calib,4673,47,29,0.399317406143345,0.417608566329566,0.408258214597267,0.256485202776763,1.5,0.260683760683761,0.582391433670434,0.9071519
hqf_boxes_events,5,LLGD,8430,57,36,0.672033601680084,0.474074074074074,0.555957724048067,0.385001002606778,1.1,0.213020833333333,0.525925925925926,0.608831
hqf_boxes_events,5,ST,8430,57,21,0.0885544277213861,0.381598793363499,0.14375,0.0774410774410774,1.25,0.1699604743083,0.618401206636501,0.0663883
hqf_boxes_events,5,ELiSeD,8430,57,72,0.481274063703185,0.619927862939585,0.541871921182266,0.371621621621622,2.05882352941176,0.0821818181818181,0.380072137060415,0.2101283
hqf_boxes_events,5,LE-calib,8430,57,42,0.506125306265313,0.457450173995571,0.480558325024925,0.316272965879265,1.14285714285714,0.228907330567082,0.542549826004429,1.5529027
hqf_boxes_events,6,LLGD,14373,52,34,0.635207100591716,0.281943532501642,0.390541155070487,0.242653707052441,1,0.387983232417326,0.718056467498358,0.9889468
hqf_boxes_events,6,ST,14373,52,17,0.0301775147928994,0.272,0.0543275632490013,0.0279222556802628,1,0.0196078431372549,0.728,0.1215992
hqf_boxes_events,6,ELiSeD,14373,52,38,0.205621301775148,0.561389337641357,0.300996102208748,0.177160336477186,2,0.188489208633093,0.438610662358643,0.2579198
hqf_boxes_events,6,LE-calib,14373,52,68,0.475443786982249,0.38863361547763,0.427677977378576,0.272004062288422,1.33333333333333,0.293092719352831,0.61136638452237,2.6437662
hqf_boxes_events,7,LLGD,15752,53,21,0.742554599602912,0.181729834791059,0.291997397527651,0.170958403169282,1,0.60650623885918,0.818270165208941,2.2150507
hqf_boxes_events,7,ST,15752,53,26,0.0764394440767703,0.379310344827586,0.127237675571468,0.0679411764705882,1.28571428571429,0.012987012987013,0.620689655172414,0.1289929
hqf_boxes_events,7,ELiSeD,15752,53,16,0.0585704831237591,0.343023255813953,0.100056529112493,0.0526628979470396,2,0.135593220338983,0.656976744186046,0.2131152
hqf_boxes_events,7,LE-calib,15752,53,62,0.403044341495698,0.341272065004203,0.369594902139281,0.226689000558347,1.75,0.17816091954023,0.658727934995797,3.1522364
hqf_boxes_events,8,LLGD,11258,72,20,0.604134466769706,0.673922413793103,0.637123064384678,0.467483928838391,1,0.296130476495043,0.326077586206897,0.6808622
hqf_boxes_events,8,ST,11258,72,21,0.0738021638330757,0.754940711462451,0.134459697289687,0.0720754716981132,1.75,0.018324607329843,0.245059288537549,0.0991766
hqf_boxes_events,8,ELiSeD,11258,72,50,0.273377125193199,0.908215661103979,0.42025542025542,0.266027448768566,3.16666666666667,0.107420494699647,0.0917843388960205,0.2219359
hqf_boxes_events,8,LE-calib,11258,72,45,0.540765069551777,0.642561983471074,0.587284934955938,0.415713649190554,1.375,0.27438370846731,0.357438016528926,1.7904529
hqf_boxes_events,9,LLGD,9995,76,30,0.459322424521779,0.526969857218403,0.490826252924517,0.325228459530026,1,0.350727546412444,0.473030142781597,0.7083374
hqf_boxes_events,9,ST,9995,76,15,0.0615349158792348,0.754237288135593,0.113786490517792,0.0603253502033439,2,0.0636704119850188,0.245762711864407,0.0980916
hqf_boxes_events,9,ELiSeD,9995,76,34,0.157870477068449,0.711318795430945,0.258393059222935,0.148364739008014,2.66666666666667,0.0715328467153284,0.288681204569055,0.156292
hqf_boxes_events,9,LE-calib,9995,76,51,0.439271721594838,0.556333917104495,0.490920798454604,0.325311486601809,2,0.208814270724029,0.443666082895505,1.5896452
hqf_boxes_events,10,LLGD,12744,59,46,0.491939966648138,0.385201305767138,0.43207616257781,0.275572162540869,1.5,0.138418079096045,0.614798694232862,1.066052
hqf_boxes_events,10,ST,12744,59,18,0.0594774874930517,0.55012853470437,0.107348883872586,0.056718791412669,1,0.0373831775700935,0.44987146529563,0.1184535
hqf_boxes_events,10,ELiSeD,12744,59,26,0.115897720956087,0.593172119487909,0.193908393396884,0.107363542739444,2.16666666666667,0.103117505995204,0.406827880512091,0.1777699
hqf_boxes_events,10,LE-calib,12744,59,65,0.466926070038911,0.402588066139468,0.432376785484494,0.275816778854047,1.27272727272727,0.125,0.597411933860532,2.1662176
hqf_boxes_events,11,LLGD,12649,59,44,0.563688760806916,0.384056548203416,0.456849235081163,0.296049644316634,1,0.294989775051125,0.615943451796583,0.8977431
hqf_boxes_events,11,ST,12649,59,19,0.0559077809798271,0.428256070640177,0.0989039000764721,0.052024671493698,1.14285714285714,0,0.571743929359823,0.1182773
hqf_boxes_events,11,ELiSeD,12649,59,38,0.190778097982709,0.640232108317215,0.293960923623446,0.172306090577824,1.77777777777778,0.110271903323263,0.359767891682785,0.2106106
hqf_boxes_events,11,LE-calib,12649,59,68,0.472046109510086,0.415736040609137,0.442105263157895,0.283783783783784,1.14285714285714,0.170940170940171,0.584263959390863,2.2440254
hqf_boxes_events,12,LLGD,7623,67,25,0.489154013015184,0.570404721753794,0.5266640716232,0.357463672391017,1.125,0.138950480413895,0.429595278246206,0.5603308
hqf_boxes_events,12,ST,7623,67,22,0.100506146059291,0.584033613445378,0.171499074645281,0.0937921727395412,1.71428571428571,0,0.415966386554622,0.0574257
hqf_boxes_events,12,ELiSeD,7623,67,67,0.349602313810557,0.609709962168979,0.444393382352941,0.285672082717873,2.05882352941176,0.0299896587383661,0.390290037831021,0.1525701
hqf_boxes_events,12,LE-calib,7623,67,46,0.400216919739696,0.453502662843097,0.425196850393701,0.27,1.33333333333333,0.235772357723577,0.546497337156903,1.5562684
hqf_boxes_events,13,LLGD,5883,40,18,0.466989703210176,0.35029532030895,0.400311526479751,0.250243427458617,1.25,0.325551232166018,0.64970467969105,0.4479997
hqf_boxes_events,13,ST,5883,40,23,0.150211992731678,0.420338983050847,0.221329763498438,0.124435524335173,2.5,0,0.579661016949153,0.0468589
hqf_boxes_events,13,ELiSeD,5883,40,58,0.237431859479104,0.280601288475304,0.257217847769029,0.147590361445783,1.33333333333333,0.0331632653061225,0.719398711524696,0.1148835
hqf_boxes_events,13,LE-calib,5883,40,31,0.331920048455482,0.280593958013313,0.304106548279689,0.179319371727749,1,0.153284671532847,0.719406041986687,1.1994052
hqf_boxes_events,14,LLGD,9122,35,31,0.775018624286069,0.546393557422969,0.640928226717322,0.471592626171049,1,0.0938801666132649,0.453606442577031,1.3424068
hqf_boxes_events,14,ST,9122,35,23,0.106530916314875,0.51377245508982,0.176470588235294,0.0967741935483871,1.33333333333333,0.0372960372960373,0.48622754491018,0.0538202
hqf_boxes_events,14,ELiSeD,9122,35,88,0.550533896200646,0.545253320216429,0.547880884715186,0.377297481279782,3,0.0351826792963464,0.454746679783571,0.285931
hqf_boxes_events,14,LE-calib,9122,35,47,0.618077973677676,0.481338232450203,0.54120460969776,0.370994186913102,1.4,0.132985134592206,0.518661767549797,1.2378252
hqf_boxes_events,15,LLGD,5385,42,11,0.429871520342612,0.630298273155416,0.511139401654997,0.34330910645575,1,0.0473225404732254,0.369701726844584,0.4223077
hqf_boxes_events,15,ST,5385,42,15,0.0883297644539615,0.441176470588235,0.147190008920607,0.0794415021665864,1.75,0.0484848484848485,0.558823529411765,0.0392146
hqf_boxes_events,15,ELiSeD,5385,42,70,0.458244111349036,0.544183089637635,0.497529787852368,0.331141199226306,2.46153846153846,0.022196261682243,0.455816910362365,0.1178592
hqf_boxes_events,15,LE-calib,5385,42,27,0.507494646680942,0.49581589958159,0.501587301587302,0.334745762711864,1.33333333333333,0.0485232067510548,0.50418410041841,0.9265225
hqf_boxes_events,16,LLGD,5595,38,6,0.126473740621651,0.158389261744966,0.140643623361144,0.0756410256410256,1,0.211864406779661,0.841610738255034,0.324265
hqf_boxes_events,16,ST,5595,38,9,0.0664523043944266,0.385093167701863,0.113345521023766,0.060077519379845,1,0.0806451612903226,0.614906832298137,0.0366223
hqf_boxes_events,16,ELiSeD,5595,38,54,0.17577706323687,0.165991902834008,0.170744403956273,0.093340922026181,1.16666666666667,0.164634146341463,0.834008097165992,0.1081234
hqf_boxes_events,16,LE-calib,5595,38,33,0.356913183279743,0.195652173913043,0.252751423149905,0.144656820156386,2,0.261261261261261,0.804347826086957,1.1078344
hqf_boxes_events,17,LLGD,4079,38,22,0.44234404536862,0.381418092909535,0.409628008752735,0.257567418822234,1,0.448717948717949,0.618581907090465,0.244923
hqf_boxes_events,17,ST,4079,38,12,0.111531190926276,0.517543859649123,0.183514774494557,0.101027397260274,1.66666666666667,0.127118644067797,0.482456140350877,0.0282505
hqf_boxes_events,17,ELiSeD,4079,38,49,0.272211720226843,0.331415420023015,0.298910223144785,0.175716900549115,2.28571428571429,0.0729166666666666,0.668584579976985,0.0683942
hqf_boxes_events,17,LE-calib,4079,38,23,0.35538752362949,0.352059925093633,0.353715898400753,0.214857142857143,1,0.361702127659574,0.647940074906367,0.8980246
hqf_boxes_events,18,LLGD,4461,34,13,0.170252572497661,0.29073482428115,0.214749262536873,0.120290812954395,1,0.269230769230769,0.70926517571885,0.2702648
hqf_boxes_events,18,ST,4461,34,11,0.154349859681946,0.568965517241379,0.242825607064018,0.138190954773869,2,0,0.431034482758621,0.0360225
hqf_boxes_events,18,ELiSeD,4461,34,55,0.382600561272217,0.402955665024631,0.392514395393474,0.244179104477612,2.71428571428571,0.0464547677261614,0.597044334975369,0.07906
hqf_boxes_events,18,LE-calib,4461,34,30,0.539756782039289,0.389076196898179,0.452194357366771,0.292151898734177,1.25,0.140381282495667,0.610923803101821,0.8143952
hqf_boxes_events,19,LLGD,17513,52,49,0.814494543957175,0.306690441119467,0.44559585492228,0.286666666666667,1.25,0.352881698685541,0.693309558880533,2.001665
hqf_boxes_events,19,ST,17513,52,30,0.0364422483014206,0.239837398373984,0.0632707774798928,0.0326688815060908,1,0.0282485875706214,0.760162601626016,0.1191935
hqf_boxes_events,19,ELiSeD,17513,52,97,0.12970969734404,0.197616060225847,0.156619018023617,0.0849629130141605,1.57142857142857,0.0603174603174603,0.802383939774153,0.500087
hqf_boxes_events,19,LE-calib,17513,52,85,0.551780934733375,0.370063518365092,0.443011819158608,0.28453126658881,1.44444444444444,0.123134328358209,0.629936481634907,2.896234
hqf_boxes_events,20,LLGD,3486,60,6,0.255139056831923,0.758992805755396,0.381900452488688,0.236017897091723,1,0.0781990521327014,0.241007194244604,0.2160752
hqf_boxes_events,20,ST,3486,60,6,0.0241837968561064,0.384615384615385,0.0455062571103527,0.0232828870779977,1,0.075,0.615384615384615,0.0211837
hqf_boxes_events,20,ELiSeD,3486,60,21,0.176541717049577,0.804407713498623,0.289538919186911,0.169275362318841,2,0.0205479452054794,0.195592286501377,0.0411187
hqf_boxes_events,20,LE-calib,3486,60,21,0.276904474002418,0.367576243980738,0.315862068965517,0.187551187551188,1.66666666666667,0.27292576419214,0.632423756019262,0.6255552
hqf_boxes_events,21,LLGD,6034,46,11,0.569195402298851,0.435915492957746,0.493718843469591,0.32777336510458,1,0.0936995153473344,0.564084507042254,0.5184852
hqf_boxes_events,21,ST,6034,46,13,0.0891954022988506,0.432071269487751,0.147865853658537,0.0798353909465021,1,0.00515463917525771,0.567928730512249,0.0548666
hqf_boxes_events,21,ELiSeD,6034,46,80,0.426666666666667,0.370015948963317,0.39632714072176,0.247137150466045,3,0.0118534482758621,0.629984051036683,0.1630536
hqf_boxes_events,21,LE-calib,6034,46,34,0.516781609195402,0.374043261231281,0.433976833976834,0.277120315581854,2,0.147686832740214,0.625956738768719,0.9198153
hqf_boxes_events,22,LLGD,6948,57,31,0.587155963302752,0.706590833054533,0.641360461585181,0.472060795708538,1.375,0.276041666666667,0.293409166945467,0.4908437
hqf_boxes_events,22,ST,6948,57,28,0.157075340561579,0.79020979020979,0.262059369202226,0.15078729650387,2.44444444444444,0.0106194690265486,0.20979020979021,0.0542793
hqf_boxes_events,22,ELiSeD,6948,57,80,0.42340839588546,0.764942240080362,0.545096635647817,0.374661746617466,2.75,0.0991464215364413,0.235057759919638,0.1809542
hqf_boxes_events,22,LE-calib,6948,57,33,0.479288295802057,0.656761904761905,0.554162648666024,0.383281458425967,1.2,0.178074245939675,0.343238095238095,1.2344262
hqf_boxes_events,23,LLGD,5794,53,13,0.399765074393109,0.678405315614618,0.503079576250308,0.336076366030283,1,0.183153770812928,0.321594684385382,0.3966349
hqf_boxes_events,23,ST,5794,53,22,0.130383711824589,0.68801652892562,0.219223173140224,0.123105360443623,2.14285714285714,0.00900900900900903,0.31198347107438,0.0421526
hqf_boxes_events,23,ELiSeD,5794,53,45,0.321064996084573,0.724381625441696,0.444926749864352,0.286113049546406,2.33333333333333,0.0158536585365854,0.275618374558304,0.1016961
hqf_boxes_events,23,LE-calib,5794,53,20,0.349256068911511,0.675757575757576,0.460505937016004,0.299128101945003,1,0.0392376681614349,0.324242424242424,1.1882036
hqf_boxes_events,24,LLGD,10458,58,28,0.716520938794294,0.64259182831201,0.677545691906005,0.512339585389931,1,0.404303147077714,0.35740817168799,0.8232086
hqf_boxes_events,24,ST,10458,58,30,0.147491946617579,0.664248704663212,0.241385803050273,0.137259100642398,1.55555555555556,0.129485179407176,0.335751295336788,0.0754806
hqf_boxes_events,24,ELiSeD,10458,58,78,0.465715600552232,0.73174258857556,0.56917885264342,0.397798742138365,2.13333333333333,0.161067193675889,0.26825741142444,0.2470294
hqf_boxes_events,24,LE-calib,10458,58,55,0.547169811320755,0.579575920058494,0.562906852881998,0.391698237522649,1.22222222222222,0.344407064760303,0.420424079941506,1.7523656
hqf_boxes_events,25,LLGD,8590,64,29,0.512903225806452,0.591261233343663,0.549301856916655,0.378646556856519,1,0.307651991614256,0.408738766656337,0.6740055
hqf_boxes_events,25,ST,8590,64,27,0.178763440860215,0.767898383371824,0.290013083296991,0.169599591940831,1.7,0.135338345864662,0.232101616628176,0.0695624
hqf_boxes_events,25,ELiSeD,8590,64,70,0.40510752688172,0.666814159292035,0.504013377926421,0.336910350994858,1.4,0.169873921698739,0.333185840707965,0.1938512
hqf_boxes_events,25,LE-calib,8590,64,37,0.547043010752688,0.638531534358331,0.58925727522803,0.417692939244663,1.14285714285714,0.323341523341523,0.361468465641669,1.3895714
hqf_boxes_events,26,LLGD,5786,46,25,0.310568295114656,0.416722408026756,0.355898314767209,0.216469770674079,1.66666666666667,0.208667736757624,0.583277591973244,0.3872892
hqf_boxes_events,26,ST,5786,46,10,0.0468594217347956,0.497354497354497,0.0856492027334852,0.0447405997144217,1.66666666666667,0,0.502645502645503,0.0477926
hqf_boxes_events,26,ELiSeD,5786,46,56,0.323030907278166,0.582210242587601,0.415517794164796,0.2622420072845,2.41666666666667,0.0416666666666666,0.417789757412399,0.1107579
hqf_boxes_events,26,LE-calib,5786,46,32,0.482552342971087,0.562463683904707,0.519452642876308,0.350851757883291,1.16666666666667,0.0702479338842975,0.437536316095293,1.0869174
hqf_boxes_events,27,LLGD,9073,34,45,0.475811390079608,0.32388495206336,0.385416666666667,0.238709677419355,1,0.114543114543114,0.67611504793664,0.708437
hqf_boxes_events,27,ST,9073,34,6,0.0385793018983466,0.516393442622951,0.0717948717948718,0.0372340425531915,1,0.111111111111111,0.483606557377049,0.0675173
hqf_boxes_events,27,ELiSeD,9073,34,29,0.270667483159829,0.632331902718169,0.379073756432247,0.233862433862434,3.6,0.0135746606334841,0.367668097281831,0.1348696
hqf_boxes_events,27,LE-calib,9073,34,38,0.380894060012247,0.309145129224652,0.341289437585734,0.205755871650678,1.4,0.102893890675241,0.690854870775348,1.6928743
hqf_boxes_events,28,LLGD,11128,63,40,0.375802310654686,0.333238474672738,0.353242835595777,0.214508151676131,1,0.132365499573014,0.666761525327262,0.754791
hqf_boxes_events,28,ST,11128,63,15,0.0718870346598203,0.625698324022346,0.128957973517559,0.0689230769230769,1.4,0.0401785714285714,0.374301675977654,0.0952397
hqf_boxes_events,28,ELiSeD,11128,63,10,0.0770218228498075,0.813559322033898,0.140721196130167,0.075685903500473,2.33333333333333,0.0083333333333333,0.186440677966102,0.1321306
hqf_boxes_events,28,LE-calib,11128,63,45,0.374197689345314,0.393918918918919,0.383805134957209,0.237474541751527,1,0.215265866209262,0.606081081081081,2.0196247
hqf_boxes_events,29,LLGD,2708,42,1,0.169680111265647,1,0.29013079667063,0.169680111265647,1,0,0,0.1239601
hqf_boxes_events,29,ST,2708,42,3,0.0542420027816412,0.709090909090909,0.10077519379845,0.0530612244897959,2,0,0.290909090909091,0.0260305
hqf_boxes_events,29,ELiSeD,2708,42,5,0.0403337969401947,0.3625,0.0725907384230288,0.0376623376623377,1,0.275862068965517,0.6375,0.0235846
hqf_boxes_events,29,LE-calib,2708,42,14,0.404728789986092,0.354014598540146,0.377676833225178,0.2328,1,0.257731958762887,0.645985401459854,0.4856826
hqf_boxes_events,30,LLGD,7954,52,17,0.251489868891538,0.387867647058824,0.305133767172813,0.180034129692833,1,0.182464454976303,0.612132352941177,0.5848234
hqf_boxes_events,30,ST,7954,52,4,0.0363528009535161,0.570093457943925,0.0683473389355742,0.0353828306264501,1,0.0163934426229508,0.429906542056075,0.058317
hqf_boxes_events,30,ELiSeD,7954,52,13,0.0911799761620977,0.616935483870968,0.158878504672897,0.0862944162436548,1.6,0,0.383064516129032,0.0937102
hqf_boxes_events,30,LE-calib,7954,52,38,0.318831942789035,0.294441386901486,0.306151645207439,0.180743243243243,1.33333333333333,0.220560747663551,0.705558613098514,1.5687914
