Filename,Events,FirstTimeNs,LastTimeNs
000010.png,109131,0,29998064
000012.png,50299,0,29999971
000020.png,132098,0,29999971
000024.png,26349,16477108,29999971
000025.png,56660,953,29999971
000026.png,134239,0,29999971
000029.png,66590,0,29999971
000033.png,48537,0,29999017
000037.png,126472,0,29999971
000042.png,19261,5006,29999971
000043.png,52578,0,29999971
000044.png,64863,1192,29999971
000048.png,88701,0,29999971
000054.png,37696,6739854,29999971
000058.png,78416,0,29999971
000059.png,36224,0,29999971
000068.png,78100,2145,29999971
000071.png,56549,0,29999971
000073.png,75726,0,29999971
000081.png,90009,0,29999971
000083.png,121538,0,29999971
000085.png,54339,953,29999971
000087.png,128623,0,29999971
000088.png,17262,3814,29999971
000092.png,90044,0,29999971
000095.png,18692,953,29995918
000096.png,74374,0,29999971
000099.png,33496,2861,29999971
000100.png,35352,953,29997825
000111.png,22610,2145,29999017
000112.png,128411,953,29999971
000116.png,49809,982,30000000
000118.png,30098,2145,29999971
000120.png,167696,1935,30000000
000122.png,77515,28,30000000
000124.png,29198,0,29999971
000129.png,49442,0,29999971
000130.png,140124,0,29999971
000131.png,107973,0,29999017
000132.png,95423,0,29999971
000139.png,57653,0,29999971
000140.png,128598,953,29999971
000144.png,63767,0,29999971
000148.png,145867,0,29999971
000149.png,96287,0,29999971
000150.png,23707,28,29998092
000152.png,63812,953,29999971
000153.png,88258,0,29999971
000167.png,74390,0,29999971
000170.png,67585,953,29999971
000175.png,73601,953,29999971
000178.png,38355,982,30000000
000181.png,58507,28,29999046
000183.png,30241,953,29999017
000184.png,59968,0,29999971
000185.png,160821,0,29999971
000193.png,95666,1907,29998779
000198.png,72442,4053,29999971
000202.png,71233,28,30000000
000204.png,128822,4053,29999017
000208.png,52857,0,29999971
000210.png,62511,982,30000000
000213.png,40653,1907,29999971
000217.png,35686,953,29999971
000227.png,136416,0,29999971
000228.png,80637,0,29999971
000229.png,44446,0,29999971
000235.png,56125,953,29999971
000245.png,27082,0,29996871
000249.png,130244,0,29999971
000257.png,95828,0,29999971
000258.png,52254,953,29999971
000261.png,91738,0,29999971
000266.png,42486,953,29999971
000270.png,75758,953,29999971
000274.png,21059,953,29999971
000275.png,53952,982,30000000
000276.png,9526,0,29999971
000278.png,52676,0,29998779
000281.png,181226,0,29999971
000287.png,38420,28,29998807
000288.png,67903,0,29999017
000289.png,30216,1907,29998779
000292.png,151848,0,29999971
000293.png,94498,28,29997854
000297.png,85978,28,29999046
000306.png,90326,0,29999971
000308.png,17447,1907,29999971
000315.png,115202,0,29999971
000322.png,124780,0,29999971
000324.png,57031,953,29999971
000325.png,68171,0,29999971
000327.png,111984,0,29999971
000329.png,53481,0,29999971
000336.png,82144,0,29999971
000350.png,65557,0,29999971
000360.png,99381,953,29998779
000369.png,62052,0,29999971
000371.png,73400,0,29999017
000372.png,127899,0,29999971
000374.png,23065,0,29999017
000378.png,13367,4053,29999971
000382.png,42066,0,29992103
000384.png,105109,0,29999971
000388.png,115539,0,29999971
000389.png,11430,5960,29999017
000397.png,108798,0,29999971
000399.png,51596,0,29999971
000411.png,28100,0,29999971
000412.png,25560,953,29998779
000422.png,67550,0,29999971
000424.png,90939,0,29999971
000431.png,59437,0,29999971
000432.png,12314,5960,29999971
000439.png,73693,0,29999017
000443.png,35584,953,29999971
000445.png,79314,6186962,26185035
000446.png,21540,10967,29999971
000449.png,73879,0,29999971
000451.png,25508,0,29999017
000460.png,109425,0,29999971
000462.png,21063,1907,29999971
000465.png,144141,0,29999971
000470.png,43451,0,26144981
000473.png,39916,0,29999971
000487.png,38656,0,29999971
000489.png,34740,0,29999971
000508.png,18172,953,29999017
000511.png,114504,0,29999971
000513.png,56291,953,29999971
000516.png,104925,1907,29998779
000526.png,69532,982,29997854
000529.png,69291,953,29998779
000538.png,48967,28,30000000
000540.png,38099,0,29999971
000544.png,30033,106096,29999971
000545.png,96240,0,29999971
000551.png,160569,0,29999971
000552.png,51040,0,29999971
000553.png,158201,0,29999971
000555.png,83115,0,29999971
000556.png,56999,953,29999971
000560.png,25459,953,29999971
000561.png,13466,0,29994964
000563.png,56459,0,29999971
000566.png,64216,953,29999971
000575.png,26709,0,29999017
000582.png,111832,0,29999971
000590.png,69152,0,29999971
000592.png,26799,0,29999971
000595.png,26541,4073143,29999971
000596.png,111275,0,29999971
000599.png,54330,0,29999971
000600.png,114788,0,29999971
